"NAME","SNP01","SNP02","SNP03","SNP04","SNP05","SNP06","SNP07","SNP08","SNP09","SNP10","SNP11","SNP12","SNP13","SNP14","SNP15","SNP16","SNP17","SNP18","SNP19","SNP20","SNP21","SNP22","SNP23","SNP24","SNP25","SNP26","SNP27","SNP28","SNP29","SNP30"
"Clone01",2,2,2,3,1,2,1,1,3,3,1,1,3,1,0,4,3,0,3,2,3,1,4,3,0,2,1,2,1,3
"Clone02",2,3,2,4,2,1,1,2,2,4,3,3,1,1,3,2,4,1,4,2,3,2,4,4,0,2,3,4,3,4
"Clone03",3,1,2,3,3,1,3,2,1,2,1,3,4,0,1,3,4,2,2,2,4,1,3,4,0,2,2,4,1,2
"Clone04",3,3,1,4,2,2,2,2,2,2,1,3,2,2,2,4,4,2,2,3,4,1,2,3,2,3,0,3,2,3
"Clone05",4,4,1,3,2,2,1,0,2,2,0,2,4,0,2,2,2,1,1,1,2,0,4,3,1,1,2,3,3,4
"Clone06",2,3,2,3,2,2,2,3,3,2,0,2,4,1,2,4,3,0,1,3,3,1,2,3,0,4,1,4,1,4
"Clone07",4,3,2,2,2,4,2,1,2,1,2,3,4,1,2,4,4,1,2,2,3,2,4,2,0,2,2,3,3,4
"Clone08",4,2,1,3,3,2,1,0,3,1,1,4,4,1,1,3,3,1,3,3,1,0,4,4,1,3,2,2,2,4
"Clone09",2,4,0,4,3,2,2,2,3,3,3,3,3,0,1,3,4,0,2,1,3,2,2,1,3,3,1,3,3,3
"Clone10",3,3,0,4,3,1,2,1,3,3,3,2,4,0,3,3,4,3,3,3,3,3,3,4,2,2,1,4,1,2
"Clone11",3,3,1,4,1,2,2,2,4,2,3,2,4,1,2,3,3,1,3,4,3,0,3,4,1,2,1,2,1,4
"Clone12",3,4,1,3,1,2,4,1,3,2,2,3,4,3,1,4,3,0,3,4,3,0,4,3,0,1,2,1,0,2
"Clone13",4,4,1,2,2,2,2,1,2,1,3,2,1,1,3,4,4,0,3,0,4,0,3,4,1,2,3,3,4,3
"Clone14",1,3,2,4,2,2,2,2,3,2,2,1,2,1,1,1,4,2,0,2,1,2,3,3,1,1,3,3,2,4
"Clone15",3,3,0,4,2,1,4,0,3,4,1,3,4,1,3,4,3,1,1,1,3,1,2,4,1,3,1,3,3,2
"Clone16",1,1,1,1,4,2,4,0,2,3,2,3,2,1,3,4,3,1,2,1,3,1,2,3,1,2,0,2,2,3
