"NAME","A1_m01","A1_m02","A1_m03","A1_m04","A1_m05","A1_m06","A1_m07","A1_m08","A1_m09","A1_m10","A1_m11","A1_m12","A2_m01","A2_m02","A2_m03","A2_m04","A2_m05","A2_m06","A2_m07","A2_m08","A2_m09","A2_m10","A2_m11","A2_m12","B1_m01","B1_m02","B1_m03","B1_m04","B1_m05","B1_m06","B1_m07","B1_m08","B1_m09","B1_m10","B1_m11","B1_m12","B2_m01","B2_m02","B2_m03","B2_m04","B2_m05","B2_m06","B2_m07","B2_m08","B2_m09","B2_m10","B2_m11","B2_m12"
"L01",2,2,2,2,2,2,2,2,0,0,0,0,2,2,2,2,2,2,2,0,2,2,0,0,2,2,0,2,2,0,0,0,2,0,2,0,2,2,2,2,2,2,2,0,2,0,2,0
"L02",0,0,2,0,2,0,2,0,0,2,0,2,0,0,2,0,0,2,2,2,2,0,0,2,0,2,2,0,2,2,0,2,0,0,2,0,2,2,0,0,2,0,0,0,2,2,0,0
"L03",2,2,0,0,2,2,2,2,0,0,0,2,2,0,2,2,2,0,2,2,2,0,2,0,2,0,0,0,0,2,2,0,2,0,2,2,0,0,2,0,0,0,0,0,2,0,0,2
"L04",2,2,2,2,2,0,0,2,0,0,0,0,2,0,2,2,2,0,2,2,0,0,2,2,2,2,2,0,0,0,2,0,0,2,0,2,0,0,0,2,2,0,0,2,2,0,2,2
"L05",0,0,0,0,0,2,2,0,0,0,0,2,2,0,0,2,2,0,0,2,2,2,0,0,0,0,2,0,2,0,0,2,0,0,2,0,2,0,0,2,0,0,0,0,0,2,0,0
"L06",2,0,0,0,2,0,0,2,0,2,0,2,2,2,2,2,0,0,2,0,0,2,2,2,0,2,2,2,0,2,0,2,0,0,2,2,0,2,0,0,2,2,0,0,2,2,0,0
"L07",0,0,2,2,0,2,0,0,2,2,0,0,2,2,2,0,2,2,2,2,2,0,2,0,2,2,0,2,2,2,0,0,2,0,2,0,2,0,2,0,2,2,2,0,0,0,2,2
"L08",0,0,2,0,2,2,0,2,2,0,2,0,0,0,2,2,0,2,2,0,0,0,0,2,0,0,2,2,2,0,2,2,0,0,0,0,2,0,0,0,2,2,2,0,0,2,0,2
"L09",2,0,0,0,0,2,2,0,2,0,0,0,2,2,0,0,2,2,0,0,0,2,2,2,2,2,0,0,0,2,2,0,0,2,2,2,0,2,2,0,0,0,0,0,0,0,0,2
"L10",0,2,0,0,2,2,0,0,0,2,2,0,2,2,0,2,0,0,0,0,0,2,0,2,2,2,0,2,2,0,2,0,2,0,0,2,0,0,2,0,0,2,2,2,2,2,0,0
"L11",2,2,0,0,0,0,2,2,2,0,2,2,2,0,2,2,2,2,2,0,2,0,2,2,0,2,2,0,0,0,0,0,2,2,2,0,0,0,2,0,2,2,0,0,2,2,2,0
"L12",2,2,0,0,0,0,0,2,0,2,0,0,0,2,0,2,2,0,0,2,2,0,2,2,2,2,2,2,0,0,0,0,2,0,0,0,2,2,0,0,2,2,2,0,0,2,0,2
"L13",2,0,0,2,0,0,0,0,2,0,0,2,0,0,2,2,2,0,2,0,0,2,2,2,2,0,2,2,2,0,2,2,2,2,2,2,0,0,2,0,0,0,2,0,2,2,0,0
"L14",2,2,0,0,2,0,0,2,0,0,2,0,2,0,2,0,2,2,2,0,2,0,2,0,2,0,0,2,0,0,2,0,2,2,0,0,0,0,0,0,2,2,0,2,2,2,0,2
"L15",0,0,0,2,0,2,2,0,2,0,0,0,0,2,2,0,0,2,0,2,2,0,0,2,2,2,0,0,2,0,2,0,2,0,2,0,0,2,2,0,2,2,2,0,2,0,2,0
"L16",2,2,2,0,2,2,0,2,0,0,0,2,2,2,2,2,2,2,0,0,2,2,2,0,0,2,0,2,0,2,0,2,0,0,2,2,2,0,2,0,2,2,0,2,2,0,0,2
"L17",0,2,0,0,2,2,0,0,0,2,0,2,2,0,2,0,2,0,2,0,0,0,0,2,2,2,0,2,2,2,2,2,2,2,0,2,0,0,0,0,0,2,0,0,0,0,2,2
"L18",2,2,2,2,0,0,2,2,2,0,0,2,0,0,2,0,2,2,0,0,2,2,2,2,2,0,0,0,0,0,0,2,0,0,0,2,2,2,2,0,0,0,0,2,0,0,2,2
"L19",0,2,2,2,0,0,2,2,2,2,2,0,2,0,2,2,2,0,2,0,2,0,0,0,0,2,2,0,2,2,0,0,0,0,0,2,2,0,0,0,2,0,2,2,0,2,2,0
"L20",0,0,2,2,2,2,0,2,2,2,0,2,2,2,0,0,2,0,2,0,2,2,0,2,2,2,2,2,0,0,0,2,2,0,0,2,2,2,0,2,2,2,2,2,2,0,0,2
"L21",0,2,0,2,2,2,2,2,0,0,0,0,0,2,2,0,0,2,0,2,2,2,2,0,0,2,2,2,0,2,2,2,2,2,0,2,0,2,2,0,0,2,0,0,0,2,0,2
"L22",0,0,0,0,0,0,2,0,0,0,0,0,2,2,2,0,0,2,0,2,0,2,2,0,2,0,0,0,2,0,0,2,0,0,0,2,0,2,2,0,2,0,0,2,0,2,2,2
"L23",2,0,2,2,0,0,0,0,2,2,2,2,0,0,0,0,2,2,2,0,2,0,2,2,2,0,0,0,2,0,0,2,2,0,2,2,0,2,2,2,0,2,0,2,2,2,0,2
"L24",2,0,0,0,0,0,2,0,0,2,2,2,0,2,2,2,2,0,0,2,0,2,2,0,2,0,2,2,0,2,0,0,2,2,2,0,2,0,0,2,2,2,2,0,2,0,0,0
